{
  "id": "3851776e-fd3d-46cf-bbd5-85d0a592457e",
  "synonymCollection": [
    {
      "word": "Absence",
      "synonym": "Abs"
    },
    {
      "word": "Absence",
      "synonym": "absense"
    },
    {
      "word": "Activated",
      "synonym": "act"
    },
    {
      "word": "Activated",
      "synonym": "actv"
    },
    {
      "word": "Activity",
      "synonym": "activ"
    },
    {
      "word": "Address",
      "synonym": "add"
    },
    {
      "word": "Address",
      "synonym": "addrs"
    },
    {
      "word": "Adjourn",
      "synonym": "A"
    },
    {
      "word": "Adjourn",
      "synonym": "Adj"
    },
    {
      "word": "Adjourn",
      "synonym": "adjn"
    },
    {
      "word": "Amount",
      "synonym": "amnt"
    },
    {
      "word": "Amount",
      "synonym": "amt"
    },
    {
      "word": "Animal",
      "synonym": "Anm"
    },
    {
      "word": "Animal",
      "synonym": "anml"
    },
    {
      "word": "Assertions",
      "synonym": "Assert"
    },
    {
      "word": "Assertions",
      "synonym": "assertion"
    },
    {
      "word": "Assertions",
      "synonym": "asstns"
    },
    {
      "word": "Cancelled",
      "synonym": "cancel"
    },
    {
      "word": "Cancelled",
      "synonym": "cnclld"
    },
    {
      "word": "Cancelled",
      "synonym": "remove"
    },
    {
      "word": "Cancelled",
      "synonym": "removed"
    },
    {
      "word": "Cancelled",
      "synonym": "rmvd"
    },
    {
      "word": "Completed",
      "synonym": "by"
    },
    {
      "word": "Completed",
      "synonym": "cmplt"
    },
    {
      "word": "Completed",
      "synonym": "cmpltd"
    },
    {
      "word": "Completed",
      "synonym": "complete"
    },
    {
      "word": "Concurrent",
      "synonym": "Conc"
    },
    {
      "word": "Concurrent",
      "synonym": "concurent"
    },
    {
      "word": "Concurrently",
      "synonym": "conc"
    },
    {
      "word": "Concurrently",
      "synonym": "concurent"
    },
    {
      "word": "Consecutive to",
      "synonym": "consec"
    },
    {
      "word": "Consecutive to",
      "synonym": "consec to"
    },
    {
      "word": "Consecutively",
      "synonym": "consec"
    },
    {
      "word": "Consecutively",
      "synonym": "consecutive"
    },
    {
      "word": "Consolidated",
      "synonym": "consol"
    },
    {
      "word": "Consolidated",
      "synonym": "consolidate"
    },
    {
      "word": "continuation",
      "synonym": "cnt"
    },
    {
      "word": "continuation",
      "synonym": "cont"
    },
    {
      "word": "continuation",
      "synonym": "contn"
    },
    {
      "word": "Curfew address",
      "synonym": "address"
    },
    {
      "word": "Curfew address",
      "synonym": "addrss"
    },
    {
      "word": "Date to be fixed",
      "synonym": "DTBF"
    },
    {
      "word": "Days",
      "synonym": "D"
    },
    {
      "word": "Days",
      "synonym": "day"
    },
    {
      "word": "Days",
      "synonym": "Day"
    },
    {
      "word": "Deportation",
      "synonym": "deport"
    },
    {
      "word": "Deportation",
      "synonym": "deports"
    },
    {
      "word": "Deportation",
      "synonym": "dport"
    },
    {
      "word": "Detention",
      "synonym": "Det"
    },
    {
      "word": "Detention",
      "synonym": "Detain"
    },
    {
      "word": "Detention",
      "synonym": "Deten"
    },
    {
      "word": "Driver number",
      "synonym": "D/no."
    },
    {
      "word": "Driver number",
      "synonym": "D/num"
    },
    {
      "word": "Driver number",
      "synonym": "DRIV"
    },
    {
      "word": "Driver number",
      "synonym": "no."
    },
    {
      "word": "Driver number",
      "synonym": "num"
    },
    {
      "word": "Enforcer",
      "synonym": "enf"
    },
    {
      "word": "Enforcer",
      "synonym": "enfct"
    },
    {
      "word": "Enforcer",
      "synonym": "enforce"
    },
    {
      "word": "Excused",
      "synonym": "exc"
    },
    {
      "word": "Excused",
      "synonym": "excuse"
    },
    {
      "word": "Friday",
      "synonym": "fri"
    },
    {
      "word": "Granted",
      "synonym": "grant"
    },
    {
      "word": "Granted",
      "synonym": "grtd"
    },
    {
      "word": "Hospital",
      "synonym": "Hosp"
    },
    {
      "word": "Hospital",
      "synonym": "hosptl"
    },
    {
      "word": "Hours",
      "synonym": "H"
    },
    {
      "word": "Hours",
      "synonym": "hour"
    },
    {
      "word": "Hours",
      "synonym": "hrs"
    },
    {
      "word": "Hours",
      "synonym": "hs"
    },
    {
      "word": "Legal aid",
      "synonym": "LAA"
    },
    {
      "word": "Legal aid",
      "synonym": "LAID"
    },
    {
      "word": "Legal aid",
      "synonym": "legaid"
    },
    {
      "word": "Monday",
      "synonym": "mon"
    },
    {
      "word": "months",
      "synonym": "M"
    },
    {
      "word": "months",
      "synonym": "mnth"
    },
    {
      "word": "months",
      "synonym": "mnths"
    },
    {
      "word": "months",
      "synonym": "mo"
    },
    {
      "word": "months",
      "synonym": "month"
    },
    {
      "word": "months",
      "synonym": "mth"
    },
    {
      "word": "months",
      "synonym": "mths"
    },
    {
      "word": "Months",
      "synonym": "M"
    },
    {
      "word": "Months",
      "synonym": "mnth"
    },
    {
      "word": "Months",
      "synonym": "mnths"
    },
    {
      "word": "Months",
      "synonym": "mo"
    },
    {
      "word": "Months",
      "synonym": "month"
    },
    {
      "word": "Months",
      "synonym": "mth"
    },
    {
      "word": "Months",
      "synonym": "mths"
    },
    {
      "word": "Person",
      "synonym": "name"
    },
    {
      "word": "Person",
      "synonym": "per"
    },
    {
      "word": "Person",
      "synonym": "persn"
    },
    {
      "word": "points",
      "synonym": "point"
    },
    {
      "word": "points",
      "synonym": "pp"
    },
    {
      "word": "points",
      "synonym": "pts"
    },
    {
      "word": "Police",
      "synonym": "pol"
    },
    {
      "word": "Provider",
      "synonym": "Prvdr"
    },
    {
      "word": "Reasons",
      "synonym": "Reas"
    },
    {
      "word": "Reasons",
      "synonym": "Reason"
    },
    {
      "word": "Recognisance",
      "synonym": "recog"
    },
    {
      "word": "Recognisance",
      "synonym": "Recognizance"
    },
    {
      "word": "Refrain",
      "synonym": "not to"
    },
    {
      "word": "Refrain",
      "synonym": "refrn"
    },
    {
      "word": "Refrain",
      "synonym": "refrnd"
    },
    {
      "word": "Refrain",
      "synonym": "stop"
    },
    {
      "word": "Refused",
      "synonym": "refsd"
    },
    {
      "word": "Refused",
      "synonym": "refuse"
    },
    {
      "word": "Registration number",
      "synonym": "numbr"
    },
    {
      "word": "Registration number",
      "synonym": "reg no."
    },
    {
      "word": "Registration number",
      "synonym": "reg num"
    },
    {
      "word": "removed",
      "synonym": "remove"
    },
    {
      "word": "removed",
      "synonym": "remv"
    },
    {
      "word": "Removed",
      "synonym": "remove"
    },
    {
      "word": "Removed",
      "synonym": "remvd"
    },
    {
      "word": "Reporting",
      "synonym": "press"
    },
    {
      "word": "Reporting",
      "synonym": "rep"
    },
    {
      "word": "Reporting",
      "synonym": "S45"
    },
    {
      "word": "reserved",
      "synonym": "res"
    },
    {
      "word": "reserved",
      "synonym": "reserve"
    },
    {
      "word": "reserved",
      "synonym": "revd"
    },
    {
      "word": "Reserved",
      "synonym": "res"
    },
    {
      "word": "Reserved",
      "synonym": "Reserve"
    },
    {
      "word": "Reserved",
      "synonym": "resrv"
    },
    {
      "word": "Restriction",
      "synonym": "rest"
    },
    {
      "word": "Restriction",
      "synonym": "restrict. S45"
    },
    {
      "word": "Review",
      "synonym": "reviews"
    },
    {
      "word": "Saturday",
      "synonym": "sat"
    },
    {
      "word": "Section 10",
      "synonym": "s.10"
    },
    {
      "word": "Section 10",
      "synonym": "S10"
    },
    {
      "word": "Seized",
      "synonym": "Seize"
    },
    {
      "word": "Seized",
      "synonym": "szd"
    },
    {
      "word": "Service",
      "synonym": "personal"
    },
    {
      "word": "Service",
      "synonym": "serve"
    },
    {
      "word": "Special",
      "synonym": "Spec"
    },
    {
      "word": "sum",
      "synonym": "amnt"
    },
    {
      "word": "sum",
      "synonym": "amount"
    },
    {
      "word": "sum",
      "synonym": "amt"
    },
    {
      "word": "Sunday",
      "synonym": "sun"
    },
    {
      "word": "Tagged days",
      "synonym": "tag"
    },
    {
      "word": "Tagged days",
      "synonym": "tg"
    },
    {
      "word": "Taken into consideration",
      "synonym": "TIC"
    },
    {
      "word": "Thursday",
      "synonym": "th"
    },
    {
      "word": "Thursday",
      "synonym": "thu"
    },
    {
      "word": "Thursday",
      "synonym": "thurs"
    },
    {
      "word": "Tuesday",
      "synonym": "tues"
    },
    {
      "word": "until",
      "synonym": "till"
    },
    {
      "word": "until",
      "synonym": "unt"
    },
    {
      "word": "Wednesday",
      "synonym": "wed"
    },
    {
      "word": "Wednesday",
      "synonym": "weds"
    },
    {
      "word": "week commencing",
      "synonym": "w/c"
    },
    {
      "word": "week commencing",
      "synonym": "wc"
    },
    {
      "word": "week commencing",
      "synonym": "wk com"
    },
    {
      "word": "Weeks",
      "synonym": "W"
    },
    {
      "word": "Weeks",
      "synonym": "WK"
    },
    {
      "word": "Within",
      "synonym": "w/in"
    },
    {
      "word": "Witness",
      "synonym": "Wit"
    },
    {
      "word": "Years",
      "synonym": "Y"
    },
    {
      "word": "Years",
      "synonym": "year"
    },
    {
      "word": "Years",
      "synonym": "Yr"
    },
    {
      "word": "Years",
      "synonym": "Yrs"
    },
    {
      "word": "Years",
      "synonym": "ys"
    }
  ]
}