{
  "id": "fbed768b-ee95-4434-87c8-e81cbc8d24c8",
  "label": "Next hearing in Crown Court",
  "shortCode": "NHCCS",
  "level": "O",
  "rank": 17700,
  "isBooleanResult": false,
  "isAvailableForCourtExtract": true,
  "financial": "N",
  "unscheduled": false,
  "canBeSubjectOfBreach": false,
  "canBeSubjectOfVariation": false,
  "publishedAsAPrompt": true,
  "excludedFromResults": false,
  "alwaysPublished": false,
  "rollUpPrompts": false,
  "publishedForNows": true,
  "lifeDuration": false,
  "wordGroups": [
    {
      "wordGroup": [
        "NHCCS"
      ]
    }
  ],
  "adjournment": "N",
  "category": "A",
  "urgent": false,
  "convicted": "N",
  "d20": false,
  "resultDefinitionGroup": "Next hearing",
  "postHearingCustodyStatus": "A",
  "jurisdiction": "B",
  "resultWording": "",
  "welshLabel": "Bydd y gwrandawiad nesaf yn Llys y Goron",
  "terminatesOffenceProceedings": false,
  "prompts": [
    {
      "id": "46257d78-1cbf-42b0-a24b-206826fecfb9",
      "label": "Date and time to be fixed",
      "resultPromptRuleMags": "oneOf",
      "resultPromptRuleCrown": "mandatory",
      "type": "BOOLEAN",
      "nameEmail": false,
      "hidden": false,
      "associateToReferenceData": false,
      "sequence": 100,
      "userGroups": [],
      "wordGroup": [
        "Date to be fixed"
      ],
      "courtExtract": "Y",
      "financial": "N",
      "jurisdiction": "B",
      "reference": "dateToBeFixed",
      "welshLabel": "Dyddiad ac amser i’w bennu"
    },
    {
      "id": "bbc84e23-2543-4211-858f-59ae97800f5a",
      "label": "Reserved Judiciary",
      "resultPromptRule": "optional",
      "type": "TXT",
      "nameEmail": false,
      "hidden": false,
      "associateToReferenceData": false,
      "sequence": 1000,
      "userGroups": [],
      "wordGroup": [
        "Reserved"
      ],
      "courtExtract": "N",
      "financial": "N",
      "jurisdiction": "B",
      "reference": "reservedJudiciary",
      "welshLabel": "Y Farnwriaeth wrth gefn"
    },
    {
      "id": "3e7ae7bd-f736-4729-ab06-82bf966bc72f",
      "label": "Week Commencing",
      "resultPromptRule": "oneOf",
      "type": "DATE",
      "nameEmail": false,
      "hidden": false,
      "associateToReferenceData": false,
      "sequence": 300,
      "userGroups": [],
      "wordGroup": [
        "week commencing"
      ],
      "courtExtract": "Y",
      "financial": "N",
      "jurisdiction": "C",
      "reference": "weekCommencing",
      "welshLabel": "Wythnos yn dechrau"
    },
    {
      "id": "d85cc2d7-66c8-471e-b6ff-c1bc60c6cdac",
      "label": "Estimated duration",
      "resultPromptRule": "mandatory",
      "type": "INT",
      "nameEmail": false,
      "hidden": false,
      "associateToReferenceData": false,
      "sequence": 800,
      "duration": "Weeks",
      "welshDuration": "Wythnos",
      "userGroups": [],
      "courtExtract": "Y",
      "financial": "N",
      "jurisdiction": "B",
      "reference": "HEST",
      "welshLabel": "Amcangyfrif amser"
    },
    {
      "id": "d85cc2d7-66c8-471e-b6ff-c1bc60c6cdac",
      "label": "Estimated duration",
      "resultPromptRule": "mandatory",
      "type": "INT",
      "nameEmail": false,
      "hidden": false,
      "associateToReferenceData": false,
      "sequence": 800,
      "duration": "Days",
      "welshDuration": "Niwrnod",
      "userGroups": [],
      "courtExtract": "Y",
      "financial": "N",
      "jurisdiction": "B",
      "reference": "HEST",
      "welshLabel": "Amcangyfrif amser"
    },
    {
      "id": "d85cc2d7-66c8-471e-b6ff-c1bc60c6cdac",
      "label": "Estimated duration",
      "resultPromptRule": "mandatory",
      "type": "INT",
      "nameEmail": false,
      "hidden": false,
      "associateToReferenceData": false,
      "sequence": 800,
      "duration": "Hours",
      "userGroups": [],
      "courtExtract": "Y",
      "financial": "N",
      "jurisdiction": "B",
      "reference": "HEST",
      "welshLabel": "Amcangyfrif amser"
    },
    {
      "id": "d85cc2d7-66c8-471e-b6ff-c1bc60c6cdac",
      "label": "Estimated duration",
      "resultPromptRule": "mandatory",
      "type": "INT",
      "nameEmail": false,
      "hidden": false,
      "associateToReferenceData": false,
      "sequence": 800,
      "duration": "Minutes",
      "userGroups": [],
      "courtExtract": "Y",
      "financial": "N",
      "jurisdiction": "B",
      "reference": "HEST",
      "welshLabel": "Amcangyfrif amser"
    },
    {
      "id": "66868c04-72c4-46d9-a4fc-860a82107475",
      "label": "Courthouse organisation name",
      "resultPromptRule": "mandatory",
      "type": "NAMEADDRESS",
      "nameAddressType": "Organisation",
      "nameEmail": false,
      "componentLabel": "Courthouse",
      "fixListLabel": "Select Courthouse",
      "referenceDataKey": "hCHOUSE",
      "hidden": false,
      "associateToReferenceData": true,
      "sequence": 500,
      "partName": "OrganisationName",
      "userGroups": [],
      "courtExtract": "Y",
      "financial": "N",
      "jurisdiction": "B",
      "min": "",
      "max": "",
      "reference": "hCHOUSEOrganisationName"
    },
    {
      "id": "66868c04-72c4-46d9-a4fc-860a82107475",
      "label": "Courthouse address line 1",
      "resultPromptRule": "mandatory",
      "type": "NAMEADDRESS",
      "nameAddressType": "Organisation",
      "nameEmail": false,
      "componentLabel": "Courthouse",
      "fixListLabel": "Select Courthouse",
      "referenceDataKey": "hCHOUSE",
      "hidden": false,
      "associateToReferenceData": true,
      "sequence": 500,
      "partName": "AddressLine1",
      "userGroups": [],
      "courtExtract": "Y",
      "financial": "N",
      "jurisdiction": "B",
      "min": "",
      "max": "",
      "reference": "hCHOUSEAddress1"
    },
    {
      "id": "66868c04-72c4-46d9-a4fc-860a82107475",
      "label": "Courthouse address line 2",
      "resultPromptRule": "mandatory",
      "type": "NAMEADDRESS",
      "nameAddressType": "Organisation",
      "nameEmail": false,
      "componentLabel": "Courthouse",
      "fixListLabel": "Select Courthouse",
      "referenceDataKey": "hCHOUSE",
      "hidden": false,
      "associateToReferenceData": true,
      "sequence": 500,
      "partName": "AddressLine2",
      "userGroups": [],
      "courtExtract": "Y",
      "financial": "N",
      "jurisdiction": "B",
      "min": "",
      "max": "",
      "reference": "hCHOUSEAddress2"
    },
    {
      "id": "66868c04-72c4-46d9-a4fc-860a82107475",
      "label": "Courthouse address line 3",
      "resultPromptRule": "mandatory",
      "type": "NAMEADDRESS",
      "nameAddressType": "Organisation",
      "nameEmail": false,
      "componentLabel": "Courthouse",
      "fixListLabel": "Select Courthouse",
      "referenceDataKey": "hCHOUSE",
      "hidden": false,
      "associateToReferenceData": true,
      "sequence": 500,
      "partName": "AddressLine3",
      "userGroups": [],
      "courtExtract": "Y",
      "financial": "N",
      "jurisdiction": "B",
      "min": "",
      "max": "",
      "reference": "hCHOUSEAddress3"
    },
    {
      "id": "66868c04-72c4-46d9-a4fc-860a82107475",
      "label": "Courthouse address line 4",
      "resultPromptRule": "mandatory",
      "type": "NAMEADDRESS",
      "nameAddressType": "Organisation",
      "nameEmail": false,
      "componentLabel": "Courthouse",
      "fixListLabel": "Select Courthouse",
      "referenceDataKey": "hCHOUSE",
      "hidden": false,
      "associateToReferenceData": true,
      "sequence": 500,
      "partName": "AddressLine4",
      "userGroups": [],
      "courtExtract": "Y",
      "financial": "N",
      "jurisdiction": "B",
      "min": "",
      "max": "",
      "reference": "hCHOUSEAddress4"
    },
    {
      "id": "66868c04-72c4-46d9-a4fc-860a82107475",
      "label": "Courthouse address line 5",
      "resultPromptRule": "mandatory",
      "type": "NAMEADDRESS",
      "nameAddressType": "Organisation",
      "nameEmail": false,
      "componentLabel": "Courthouse",
      "fixListLabel": "Select Courthouse",
      "referenceDataKey": "hCHOUSE",
      "hidden": false,
      "associateToReferenceData": true,
      "sequence": 500,
      "partName": "AddressLine5",
      "userGroups": [],
      "courtExtract": "Y",
      "financial": "N",
      "jurisdiction": "B",
      "min": "",
      "max": "",
      "reference": "hCHOUSEAddress5"
    },
    {
      "id": "66868c04-72c4-46d9-a4fc-860a82107475",
      "label": "Courthouse post code",
      "resultPromptRule": "mandatory",
      "type": "NAMEADDRESS",
      "nameAddressType": "Organisation",
      "nameEmail": false,
      "componentLabel": "Courthouse",
      "fixListLabel": "Select Courthouse",
      "referenceDataKey": "hCHOUSE",
      "hidden": false,
      "associateToReferenceData": true,
      "sequence": 500,
      "partName": "PostCode",
      "userGroups": [],
      "courtExtract": "Y",
      "financial": "N",
      "jurisdiction": "B",
      "min": "",
      "max": "",
      "reference": "hCHOUSEPostCode"
    },
    {
      "id": "66868c04-72c4-46d9-a4fc-860a82107475",
      "label": "Courthouse email address 1",
      "resultPromptRule": "mandatory",
      "type": "NAMEADDRESS",
      "nameAddressType": "Organisation",
      "nameEmail": false,
      "componentLabel": "Courthouse",
      "fixListLabel": "Select Courthouse",
      "referenceDataKey": "hCHOUSE",
      "hidden": true,
      "associateToReferenceData": true,
      "sequence": 500,
      "partName": "EmailAddress1",
      "userGroups": [],
      "courtExtract": "N",
      "financial": "N",
      "regularExpression": "^[a-zA-Z0-9!#$%&'*+/=?^_`{|}~-]+(?:\\.[a-zA-Z0-9!#$%&'*+/=?^_`{|}~-]+)*@(?:[a-zA-Z0-9](?:[a-zA-Z0-9-]*[a-zA-Z0-9])?\\.)+[a-zA-Z0-9](?:[a-zA-Z0-9-]*[a-zA-Z0-9])?$",
      "jurisdiction": "B",
      "min": "",
      "max": "",
      "reference": "hCHOUSEEmailAddress1"
    },
    {
      "id": "66868c04-72c4-46d9-a4fc-860a82107475",
      "label": "Courthouse email address 2",
      "resultPromptRule": "mandatory",
      "type": "NAMEADDRESS",
      "nameAddressType": "Organisation",
      "nameEmail": false,
      "componentLabel": "Courthouse",
      "fixListLabel": "Select Courthouse",
      "referenceDataKey": "hCHOUSE",
      "hidden": true,
      "associateToReferenceData": true,
      "sequence": 500,
      "partName": "EmailAddress2",
      "userGroups": [],
      "courtExtract": "N",
      "financial": "N",
      "regularExpression": "^[a-zA-Z0-9!#$%&'*+/=?^_`{|}~-]+(?:\\.[a-zA-Z0-9!#$%&'*+/=?^_`{|}~-]+)*@(?:[a-zA-Z0-9](?:[a-zA-Z0-9-]*[a-zA-Z0-9])?\\.)+[a-zA-Z0-9](?:[a-zA-Z0-9-]*[a-zA-Z0-9])?$",
      "jurisdiction": "B",
      "min": "",
      "max": "",
      "reference": "hCHOUSEEmailAddress2"
    },
    {
      "id": "aea2ee79-47b4-4023-9a95-1b327e6e03d5",
      "label": "Fixed Date",
      "resultPromptRule": "oneOf",
      "type": "DATE",
      "nameEmail": false,
      "hidden": false,
      "associateToReferenceData": false,
      "sequence": 200,
      "userGroups": [],
      "courtExtract": "Y",
      "financial": "N",
      "jurisdiction": "C",
      "reference": "fixedDate",
      "welshLabel": "Dyddiad Penodol"
    },
    {
      "id": "c1116d12-dd35-4171-807a-2cb845357d22",
      "label": "Hearing type",
      "resultPromptRule": "mandatory",
      "type": "TXT",
      "nameEmail": false,
      "hidden": false,
      "associateToReferenceData": false,
      "sequence": 700,
      "userGroups": [],
      "courtExtract": "Y",
      "financial": "N",
      "jurisdiction": "B",
      "reference": "HTYPE",
      "welshLabel": "Math o wrandawiad"
    },
    {
      "id": "49ec9b26-dd63-4637-b2e9-55ba9948a90f",
      "label": "Courtroom",
      "resultPromptRule": "optional",
      "type": "INT",
      "nameEmail": false,
      "referenceDataKey": "HCROOM",
      "hidden": false,
      "associateToReferenceData": true,
      "sequence": 600,
      "userGroups": [],
      "courtExtract": "Y",
      "financial": "N",
      "jurisdiction": "B",
      "min": "1",
      "max": "99",
      "reference": "HCROOM",
      "welshLabel": "Ystafell Llys"
    },
    {
      "id": "a0ec3e68-5210-422f-9959-73c1c7ce495a",
      "label": "Existing Hearing Id",
      "resultPromptRule": "optional",
      "type": "TXT",
      "nameEmail": false,
      "hidden": true,
      "associateToReferenceData": false,
      "sequence": 900,
      "userGroups": [],
      "courtExtract": "N",
      "financial": "N",
      "jurisdiction": "B",
      "reference": "existingHearingId",
      "welshLabel": "ID Gwrandawiad Presennol"
    },
    {
      "id": "4d125a5a-acbc-461d-a657-ba5643af85a6",
      "label": "Time of hearing",
      "resultPromptRule": "optional",
      "type": "TIME",
      "nameEmail": false,
      "hidden": false,
      "associateToReferenceData": false,
      "sequence": 400,
      "userGroups": [],
      "courtExtract": "Y",
      "financial": "N",
      "jurisdiction": "B",
      "reference": "timeOfHearing",
      "welshLabel": "Amser y gwrandawiad"
    },
    {
      "id": "6fac63f7-60f0-4453-910e-e27700722d31",
      "label": "Booking Type",
      "resultPromptRule": "optional",
      "type": "TXT",
      "nameEmail": false,
      "hidden": false,
      "associateToReferenceData": false,
      "sequence": 1300,
      "userGroups": [],
      "courtExtract": "N",
      "financial": "N",
      "jurisdiction": "B",
      "reference": "bookingtype"
    },
    {
      "id": "b861ca8e-04fa-41f2-8f05-1b5b0c1df286",
      "label": "Booking Priority",
      "resultPromptRule": "optional",
      "type": "TXT",
      "nameEmail": false,
      "hidden": false,
      "associateToReferenceData": false,
      "sequence": 1200,
      "userGroups": [],
      "courtExtract": "N",
      "financial": "N",
      "jurisdiction": "B",
      "reference": "bookingpriority"
    },
    {
      "id": "c81aba5d-282a-4ef6-93d0-3c5e7dd810fd",
      "label": "Slot booking reference",
      "resultPromptRule": "optional",
      "type": "TXT",
      "nameEmail": false,
      "hidden": true,
      "associateToReferenceData": false,
      "sequence": 1100,
      "userGroups": [],
      "courtExtract": "N",
      "financial": "N",
      "jurisdiction": "B",
      "min": "1",
      "max": "6000",
      "reference": "hmiSlots",
      "welshLabel": ""
    },
    {
      "id": "aecf6dd0-82fa-4520-bbb3-af0f8ea91ca7",
      "label": "Special Requirements",
      "resultPromptRule": "optional",
      "type": "TXT",
      "nameEmail": false,
      "hidden": true,
      "associateToReferenceData": false,
      "sequence": 1400,
      "userGroups": [],
      "courtExtract": "N",
      "financial": "N",
      "jurisdiction": "C",
      "min": "1",
      "max": "100",
      "reference": "SpecialRequirements"
    }
  ]
}