{
  "id": "ae89b99c-e0e3-47b5-b218-24d4fca3ca53",
  "label": "Compensation",
  "shortCode": "FCOMP",
  "level": "O",
  "rank": 42200,
  "isBooleanResult": false,
  "isAvailableForCourtExtract": true,
  "financial": "Y",
  "unscheduled": false,
  "canBeSubjectOfBreach": false,
  "canBeSubjectOfVariation": false,
  "publishedAsAPrompt": false,
  "excludedFromResults": false,
  "alwaysPublished": false,
  "rollUpPrompts": true,
  "publishedForNows": false,
  "lifeDuration": false,
  "resultDefinitionRules": [
    {
      "childResultDefinitionId": "615313b5-0647-4d61-b7b8-6b36265d8929",
      "ruleType": "optional"
    },
    {
      "childResultDefinitionId": "4fdd9548-c521-48c9-baa3-1bd2f13a4fcc",
      "ruleType": "oneOf"
    },
    {
      "childResultDefinitionId": "bdb32555-8d55-4dc1-b4b6-580db5132496",
      "ruleType": "oneOf"
    },
    {
      "childResultDefinitionId": "f7dfefd2-64c6-11e8-adc0-fa7ae01bbebc",
      "ruleType": "oneOf"
    },
    {
      "childResultDefinitionId": "923f8b82-d4b5-4c9b-8b54-6d1ec8e16dd6",
      "ruleType": "optional"
    },
    {
      "childResultDefinitionId": "cfa66730-f81c-4768-a36e-581791cb0270",
      "ruleType": "mandatory"
    }
  ],
  "wordGroups": [
    {
      "wordGroup": [
        "Compensation",
        "FCOMP"
      ]
    }
  ],
  "adjournment": "N",
  "category": "F",
  "urgent": false,
  "convicted": "Y",
  "d20": false,
  "resultDefinitionGroup": "Imposition",
  "cjsCode": "3012",
  "postHearingCustodyStatus": "A",
  "jurisdiction": "B",
  "lCode": "FCOMP",
  "welshLabel": "Iawndal",
  "terminatesOffenceProceedings": false,
  "prompts": [
    {
      "id": "89b11ddf-1c79-4967-900e-19bf3637c618",
      "label": "This order relates to an offence the defendant admitted and asked the court to take into consideration on sentence",
      "resultPromptRule": "optional",
      "type": "BOOLEAN",
      "nameEmail": false,
      "hidden": false,
      "associateToReferenceData": false,
      "sequence": 200,
      "userGroups": [],
      "wordGroup": [
        "Taken into consideration"
      ],
      "courtExtract": "Y",
      "financial": "N",
      "jurisdiction": "B",
      "reference": "thisOrderRelatesToAnOffenceTakenIntoConsideration",
      "welshLabel": "Mae'r gorchymyn hwn yn ymwneud â throsedd y bu i'r diffynnydd gyfaddef iddo a gofynnwyd i'r llys ei ystyried wrth ddedfrydu"
    },
    {
      "id": "26985e5b-fe1f-4d7d-a21a-57207c5966e7",
      "label": "Amount of compensation",
      "resultPromptRule": "mandatory",
      "type": "CURR",
      "nameEmail": false,
      "hidden": false,
      "associateToReferenceData": false,
      "sequence": 100,
      "userGroups": [],
      "wordGroup": [
        "Amount"
      ],
      "courtExtract": "Y",
      "financial": "Y",
      "jurisdiction": "B",
      "min": "0",
      "max": "999999999",
      "reference": "AOCOM",
      "welshLabel": "Swm yr iawndal"
    },
    {
      "id": "5707f766-b5b5-4747-9b15-542e7d170301",
      "label": "Minor creditor organisation name",
      "resultPromptRule": "oneOf",
      "type": "NAMEADDRESS",
      "nameAddressType": "Both",
      "nameEmail": false,
      "componentLabel": "Minor creditor",
      "hidden": false,
      "associateToReferenceData": false,
      "sequence": 400,
      "partName": "OrganisationName",
      "userGroups": [
        "CPS",
        "Defence",
        "Judiciary",
        "NCES",
        "Probation",
        "Prosecuting Authorities",
        "YOTs"
      ],
      "courtExtract": "N",
      "financial": "N",
      "cacheable": 2,
      "cacheDataPath": "prosecutionCaseIdentifier.prosecutionAuthorityName",
      "jurisdiction": "B",
      "reference": "minorcreditornameandaddressOrganisationName"
    },
    {
      "id": "5707f766-b5b5-4747-9b15-542e7d170301",
      "label": "Minor creditor title",
      "resultPromptRule": "oneOf",
      "type": "NAMEADDRESS",
      "nameAddressType": "Both",
      "nameEmail": false,
      "componentLabel": "Minor creditor",
      "hidden": false,
      "associateToReferenceData": false,
      "sequence": 400,
      "partName": "Title",
      "userGroups": [
        "CPS",
        "Defence",
        "Judiciary",
        "NCES",
        "Probation",
        "Prosecuting Authorities",
        "YOTs"
      ],
      "courtExtract": "N",
      "financial": "N",
      "cacheable": 0,
      "jurisdiction": "B",
      "reference": "minorcreditornameandaddressTitle"
    },
    {
      "id": "5707f766-b5b5-4747-9b15-542e7d170301",
      "label": "Minor creditor first name",
      "resultPromptRule": "oneOf",
      "type": "NAMEADDRESS",
      "nameAddressType": "Both",
      "nameEmail": false,
      "componentLabel": "Minor creditor",
      "hidden": false,
      "associateToReferenceData": false,
      "sequence": 400,
      "partName": "FirstName",
      "userGroups": [
        "CPS",
        "Defence",
        "Judiciary",
        "NCES",
        "Probation",
        "Prosecuting Authorities",
        "YOTs"
      ],
      "courtExtract": "N",
      "financial": "N",
      "cacheable": 0,
      "jurisdiction": "B",
      "reference": "minorcreditornameandaddressFirstName"
    },
    {
      "id": "5707f766-b5b5-4747-9b15-542e7d170301",
      "label": "Minor creditor middle name",
      "resultPromptRule": "oneOf",
      "type": "NAMEADDRESS",
      "nameAddressType": "Both",
      "nameEmail": false,
      "componentLabel": "Minor creditor",
      "hidden": false,
      "associateToReferenceData": false,
      "sequence": 400,
      "partName": "MiddleName",
      "userGroups": [
        "CPS",
        "Defence",
        "Judiciary",
        "NCES",
        "Probation",
        "Prosecuting Authorities",
        "YOTs"
      ],
      "courtExtract": "N",
      "financial": "N",
      "cacheable": 0,
      "jurisdiction": "B",
      "reference": "minorcreditornameandaddressMiddleName"
    },
    {
      "id": "5707f766-b5b5-4747-9b15-542e7d170301",
      "label": "Minor creditor last name",
      "resultPromptRule": "oneOf",
      "type": "NAMEADDRESS",
      "nameAddressType": "Both",
      "nameEmail": false,
      "componentLabel": "Minor creditor",
      "hidden": false,
      "associateToReferenceData": false,
      "sequence": 400,
      "partName": "LastName",
      "userGroups": [
        "CPS",
        "Defence",
        "Judiciary",
        "NCES",
        "Probation",
        "Prosecuting Authorities",
        "YOTs"
      ],
      "courtExtract": "N",
      "financial": "N",
      "cacheable": 0,
      "jurisdiction": "B",
      "reference": "minorcreditornameandaddressLastName"
    },
    {
      "id": "5707f766-b5b5-4747-9b15-542e7d170301",
      "label": "Minor creditor address line 1",
      "resultPromptRule": "mandatory",
      "type": "NAMEADDRESS",
      "nameAddressType": "Both",
      "nameEmail": false,
      "componentLabel": "Minor creditor",
      "hidden": false,
      "associateToReferenceData": false,
      "sequence": 400,
      "partName": "AddressLine1",
      "userGroups": [
        "CPS",
        "Defence",
        "Judiciary",
        "NCES",
        "Probation",
        "Prosecuting Authorities",
        "YOTs"
      ],
      "courtExtract": "N",
      "financial": "N",
      "cacheable": 2,
      "cacheDataPath": "prosecutionCaseIdentifier.address.address1",
      "jurisdiction": "B",
      "reference": "minorcreditornameandaddressAddress1"
    },
    {
      "id": "5707f766-b5b5-4747-9b15-542e7d170301",
      "label": "Minor creditor address line 2",
      "resultPromptRule": "oneOf",
      "type": "NAMEADDRESS",
      "nameAddressType": "Both",
      "nameEmail": false,
      "componentLabel": "Minor creditor",
      "hidden": false,
      "associateToReferenceData": false,
      "sequence": 400,
      "partName": "AddressLine2",
      "userGroups": [
        "CPS",
        "Defence",
        "Judiciary",
        "NCES",
        "Probation",
        "Prosecuting Authorities",
        "YOTs"
      ],
      "courtExtract": "N",
      "financial": "N",
      "cacheable": 2,
      "cacheDataPath": "prosecutionCaseIdentifier.address.address2",
      "jurisdiction": "B",
      "reference": "minorcreditornameandaddressAddress2"
    },
    {
      "id": "5707f766-b5b5-4747-9b15-542e7d170301",
      "label": "Minor creditor address line 3",
      "resultPromptRule": "oneOf",
      "type": "NAMEADDRESS",
      "nameAddressType": "Both",
      "nameEmail": false,
      "componentLabel": "Minor creditor",
      "hidden": false,
      "associateToReferenceData": false,
      "sequence": 400,
      "partName": "AddressLine3",
      "userGroups": [
        "CPS",
        "Defence",
        "Judiciary",
        "NCES",
        "Probation",
        "Prosecuting Authorities",
        "YOTs"
      ],
      "courtExtract": "N",
      "financial": "N",
      "cacheable": 2,
      "cacheDataPath": "prosecutionCaseIdentifier.address.address3",
      "jurisdiction": "B",
      "reference": "minorcreditornameandaddressAddress3"
    },
    {
      "id": "5707f766-b5b5-4747-9b15-542e7d170301",
      "label": "Minor creditor address line 4",
      "resultPromptRule": "oneOf",
      "type": "NAMEADDRESS",
      "nameAddressType": "Both",
      "nameEmail": false,
      "componentLabel": "Minor creditor",
      "hidden": false,
      "associateToReferenceData": false,
      "sequence": 400,
      "partName": "AddressLine4",
      "userGroups": [
        "CPS",
        "Defence",
        "Judiciary",
        "NCES",
        "Probation",
        "Prosecuting Authorities",
        "YOTs"
      ],
      "courtExtract": "N",
      "financial": "N",
      "cacheable": 2,
      "cacheDataPath": "prosecutionCaseIdentifier.address.address4",
      "jurisdiction": "B",
      "reference": "minorcreditornameandaddressAddress4"
    },
    {
      "id": "5707f766-b5b5-4747-9b15-542e7d170301",
      "label": "Minor creditor address line 5",
      "resultPromptRule": "oneOf",
      "type": "NAMEADDRESS",
      "nameAddressType": "Both",
      "nameEmail": false,
      "componentLabel": "Minor creditor",
      "hidden": false,
      "associateToReferenceData": false,
      "sequence": 400,
      "partName": "AddressLine5",
      "userGroups": [
        "CPS",
        "Defence",
        "Judiciary",
        "NCES",
        "Probation",
        "Prosecuting Authorities",
        "YOTs"
      ],
      "courtExtract": "N",
      "financial": "N",
      "cacheable": 2,
      "cacheDataPath": "prosecutionCaseIdentifier.address.address5",
      "jurisdiction": "B",
      "reference": "minorcreditornameandaddressAddress5"
    },
    {
      "id": "5707f766-b5b5-4747-9b15-542e7d170301",
      "label": "Minor creditor post code",
      "resultPromptRule": "oneOf",
      "type": "NAMEADDRESS",
      "nameAddressType": "Both",
      "nameEmail": false,
      "componentLabel": "Minor creditor",
      "hidden": false,
      "associateToReferenceData": false,
      "sequence": 400,
      "partName": "PostCode",
      "userGroups": [
        "CPS",
        "Defence",
        "Judiciary",
        "NCES",
        "Probation",
        "Prosecuting Authorities",
        "YOTs"
      ],
      "courtExtract": "N",
      "financial": "N",
      "cacheable": 2,
      "cacheDataPath": "prosecutionCaseIdentifier.address.postcode",
      "jurisdiction": "B",
      "reference": "minorcreditornameandaddressPostCode"
    },
    {
      "id": "5707f766-b5b5-4747-9b15-542e7d170301",
      "label": "Minor creditor email address 1",
      "resultPromptRule": "oneOf",
      "type": "NAMEADDRESS",
      "nameAddressType": "Both",
      "nameEmail": false,
      "componentLabel": "Minor creditor",
      "hidden": true,
      "associateToReferenceData": false,
      "sequence": 400,
      "partName": "EmailAddress1",
      "userGroups": [
        "CPS",
        "Defence",
        "Judiciary",
        "NCES",
        "Probation",
        "Prosecuting Authorities",
        "YOTs"
      ],
      "courtExtract": "N",
      "financial": "N",
      "regularExpression": "^[a-zA-Z0-9!#$%&'*+/=?^_`{|}~-]+(?:\\.[a-zA-Z0-9!#$%&'*+/=?^_`{|}~-]+)*@(?:[a-zA-Z0-9](?:[a-zA-Z0-9-]*[a-zA-Z0-9])?\\.)+[a-zA-Z0-9](?:[a-zA-Z0-9-]*[a-zA-Z0-9])?$",
      "cacheable": 2,
      "cacheDataPath": "prosecutionCaseIdentifier.contact.primaryEmail",
      "jurisdiction": "B",
      "reference": "minorcreditornameandaddressEmailAddress1"
    },
    {
      "id": "5707f766-b5b5-4747-9b15-542e7d170301",
      "label": "Minor creditor email address 2",
      "resultPromptRule": "oneOf",
      "type": "NAMEADDRESS",
      "nameAddressType": "Both",
      "nameEmail": false,
      "componentLabel": "Minor creditor",
      "hidden": true,
      "associateToReferenceData": false,
      "sequence": 400,
      "partName": "EmailAddress2",
      "userGroups": [
        "CPS",
        "Defence",
        "Judiciary",
        "NCES",
        "Probation",
        "Prosecuting Authorities",
        "YOTs"
      ],
      "courtExtract": "N",
      "financial": "N",
      "regularExpression": "^[a-zA-Z0-9!#$%&'*+/=?^_`{|}~-]+(?:\\.[a-zA-Z0-9!#$%&'*+/=?^_`{|}~-]+)*@(?:[a-zA-Z0-9](?:[a-zA-Z0-9-]*[a-zA-Z0-9])?\\.)+[a-zA-Z0-9](?:[a-zA-Z0-9-]*[a-zA-Z0-9])?$",
      "cacheable": 0,
      "jurisdiction": "B",
      "reference": "minorcreditornameandaddressEmailAddress2"
    },
    {
      "id": "af921cf4-06e7-4f6b-a4ea-dcb58aab0dbe",
      "label": "Major creditor organisation name",
      "resultPromptRule": "oneOf",
      "type": "NAMEADDRESS",
      "nameAddressType": "Organisation",
      "nameEmail": false,
      "componentLabel": "Major creditor",
      "fixListLabel": "Select Major creditor",
      "referenceDataKey": "cREDNAME",
      "hidden": false,
      "associateToReferenceData": true,
      "sequence": 300,
      "partName": "OrganisationName",
      "userGroups": [],
      "courtExtract": "N",
      "financial": "N",
      "jurisdiction": "B",
      "reference": "cREDNAMEOrganisationName"
    },
    {
      "id": "af921cf4-06e7-4f6b-a4ea-dcb58aab0dbe",
      "label": "Major creditor address line 1",
      "resultPromptRule": "mandatory",
      "type": "NAMEADDRESS",
      "nameAddressType": "Organisation",
      "nameEmail": false,
      "componentLabel": "Major creditor",
      "fixListLabel": "Select Major creditor",
      "referenceDataKey": "cREDNAME",
      "hidden": false,
      "associateToReferenceData": true,
      "sequence": 300,
      "partName": "AddressLine1",
      "userGroups": [],
      "courtExtract": "N",
      "financial": "N",
      "jurisdiction": "B",
      "reference": "cREDNAMEAddress1"
    },
    {
      "id": "af921cf4-06e7-4f6b-a4ea-dcb58aab0dbe",
      "label": "Major creditor address line 2",
      "resultPromptRule": "oneOf",
      "type": "NAMEADDRESS",
      "nameAddressType": "Organisation",
      "nameEmail": false,
      "componentLabel": "Major creditor",
      "fixListLabel": "Select Major creditor",
      "referenceDataKey": "cREDNAME",
      "hidden": false,
      "associateToReferenceData": true,
      "sequence": 300,
      "partName": "AddressLine2",
      "userGroups": [],
      "courtExtract": "N",
      "financial": "N",
      "jurisdiction": "B",
      "reference": "cREDNAMEAddress2"
    },
    {
      "id": "af921cf4-06e7-4f6b-a4ea-dcb58aab0dbe",
      "label": "Major creditor address line 3",
      "resultPromptRule": "oneOf",
      "type": "NAMEADDRESS",
      "nameAddressType": "Organisation",
      "nameEmail": false,
      "componentLabel": "Major creditor",
      "fixListLabel": "Select Major creditor",
      "referenceDataKey": "cREDNAME",
      "hidden": false,
      "associateToReferenceData": true,
      "sequence": 300,
      "partName": "AddressLine3",
      "userGroups": [],
      "courtExtract": "N",
      "financial": "N",
      "jurisdiction": "B",
      "reference": "cREDNAMEAddress3"
    },
    {
      "id": "af921cf4-06e7-4f6b-a4ea-dcb58aab0dbe",
      "label": "Major creditor address line 4",
      "resultPromptRule": "oneOf",
      "type": "NAMEADDRESS",
      "nameAddressType": "Organisation",
      "nameEmail": false,
      "componentLabel": "Major creditor",
      "fixListLabel": "Select Major creditor",
      "referenceDataKey": "cREDNAME",
      "hidden": false,
      "associateToReferenceData": true,
      "sequence": 300,
      "partName": "AddressLine4",
      "userGroups": [],
      "courtExtract": "N",
      "financial": "N",
      "jurisdiction": "B",
      "reference": "cREDNAMEAddress4"
    },
    {
      "id": "af921cf4-06e7-4f6b-a4ea-dcb58aab0dbe",
      "label": "Major creditor address line 5",
      "resultPromptRule": "oneOf",
      "type": "NAMEADDRESS",
      "nameAddressType": "Organisation",
      "nameEmail": false,
      "componentLabel": "Major creditor",
      "fixListLabel": "Select Major creditor",
      "referenceDataKey": "cREDNAME",
      "hidden": false,
      "associateToReferenceData": true,
      "sequence": 300,
      "partName": "AddressLine5",
      "userGroups": [],
      "courtExtract": "N",
      "financial": "N",
      "jurisdiction": "B",
      "reference": "cREDNAMEAddress5"
    },
    {
      "id": "af921cf4-06e7-4f6b-a4ea-dcb58aab0dbe",
      "label": "Major creditor post code",
      "resultPromptRule": "oneOf",
      "type": "NAMEADDRESS",
      "nameAddressType": "Organisation",
      "nameEmail": false,
      "componentLabel": "Major creditor",
      "fixListLabel": "Select Major creditor",
      "referenceDataKey": "cREDNAME",
      "hidden": false,
      "associateToReferenceData": true,
      "sequence": 300,
      "partName": "PostCode",
      "userGroups": [],
      "courtExtract": "N",
      "financial": "N",
      "jurisdiction": "B",
      "reference": "cREDNAMEPostCode"
    },
    {
      "id": "af921cf4-06e7-4f6b-a4ea-dcb58aab0dbe",
      "label": "Major creditor email address 1",
      "resultPromptRule": "oneOf",
      "type": "NAMEADDRESS",
      "nameAddressType": "Organisation",
      "nameEmail": false,
      "componentLabel": "Major creditor",
      "fixListLabel": "Select Major creditor",
      "referenceDataKey": "cREDNAME",
      "hidden": true,
      "associateToReferenceData": true,
      "sequence": 300,
      "partName": "EmailAddress1",
      "userGroups": [],
      "courtExtract": "N",
      "financial": "N",
      "regularExpression": "^[a-zA-Z0-9!#$%&'*+/=?^_`{|}~-]+(?:\\.[a-zA-Z0-9!#$%&'*+/=?^_`{|}~-]+)*@(?:[a-zA-Z0-9](?:[a-zA-Z0-9-]*[a-zA-Z0-9])?\\.)+[a-zA-Z0-9](?:[a-zA-Z0-9-]*[a-zA-Z0-9])?$",
      "jurisdiction": "B",
      "reference": "cREDNAMEEmailAddress1"
    },
    {
      "id": "af921cf4-06e7-4f6b-a4ea-dcb58aab0dbe",
      "label": "Major creditor email address 2",
      "resultPromptRule": "oneOf",
      "type": "NAMEADDRESS",
      "nameAddressType": "Organisation",
      "nameEmail": false,
      "componentLabel": "Major creditor",
      "fixListLabel": "Select Major creditor",
      "referenceDataKey": "cREDNAME",
      "hidden": true,
      "associateToReferenceData": true,
      "sequence": 300,
      "partName": "EmailAddress2",
      "userGroups": [],
      "courtExtract": "N",
      "financial": "N",
      "regularExpression": "^[a-zA-Z0-9!#$%&'*+/=?^_`{|}~-]+(?:\\.[a-zA-Z0-9!#$%&'*+/=?^_`{|}~-]+)*@(?:[a-zA-Z0-9](?:[a-zA-Z0-9-]*[a-zA-Z0-9])?\\.)+[a-zA-Z0-9](?:[a-zA-Z0-9-]*[a-zA-Z0-9])?$",
      "jurisdiction": "B",
      "reference": "cREDNAMEEmailAddress2"
    }
  ]
}