{
  "id": "abb95a52-2a75-40c3-8d3f-a1d75a199c47",
  "label": "Imprisonment",
  "shortCode": "IMP",
  "level": "O",
  "rank": 37800,
  "isBooleanResult": false,
  "isAvailableForCourtExtract": true,
  "financial": "N",
  "unscheduled": false,
  "canBeSubjectOfBreach": false,
  "canBeSubjectOfVariation": false,
  "publishedAsAPrompt": false,
  "excludedFromResults": false,
  "alwaysPublished": false,
  "rollUpPrompts": true,
  "publishedForNows": false,
  "lifeDuration": false,
  "resultDefinitionRules": [
    {
      "childResultDefinitionId": "6cb15971-c945-4398-b7c9-3f8b743a4de3",
      "ruleType": "mandatory"
    },
    {
      "childResultDefinitionId": "66105417-41c8-420d-820f-40b61b507442",
      "ruleType": "optional"
    },
    {
      "childResultDefinitionId": "0fcddac3-f2f9-4c36-84ce-b3babcc57cb0",
      "ruleType": "optional"
    }
  ],
  "wordGroups": [
    {
      "wordGroup": [
        "IMP",
        "imprisonment"
      ]
    }
  ],
  "adjournment": "N",
  "category": "F",
  "urgent": false,
  "convicted": "Y",
  "d20": false,
  "dvlaCode": "A",
  "cjsCode": "1002",
  "postHearingCustodyStatus": "A",
  "jurisdiction": "B",
  "libraCode": "IMP",
  "terminatesOffenceProceedings": false,
  "prompts": [
    {
      "id": "76f15753-1706-42fb-b922-0d56d01e5706",
      "label": "Imprisonment Period",
      "resultPromptRule": "mandatory",
      "type": "INT",
      "nameEmail": false,
      "hidden": false,
      "associateToReferenceData": false,
      "sequence": 100,
      "duration": "Years",
      "welshDuration": "Flynedd",
      "userGroups": [],
      "wordGroup": [
        "Years"
      ],
      "courtExtract": "Y",
      "financial": "N",
      "jurisdiction": "B",
      "reference": "imprisonmentPeriod",
      "welshLabel": "Cyfnod Carcharu",
      "durationSequence": 1
    },
    {
      "id": "76f15753-1706-42fb-b922-0d56d01e5706",
      "label": "Imprisonment Period",
      "resultPromptRule": "mandatory",
      "type": "INT",
      "nameEmail": false,
      "hidden": false,
      "associateToReferenceData": false,
      "sequence": 100,
      "duration": "Months",
      "welshDuration": "Mis",
      "userGroups": [],
      "wordGroup": [
        "Months"
      ],
      "courtExtract": "Y",
      "financial": "N",
      "jurisdiction": "B",
      "reference": "imprisonmentPeriod",
      "welshLabel": "Cyfnod Carcharu",
      "durationSequence": 1
    },
    {
      "id": "76f15753-1706-42fb-b922-0d56d01e5706",
      "label": "Imprisonment Period",
      "resultPromptRule": "mandatory",
      "type": "INT",
      "nameEmail": false,
      "hidden": false,
      "associateToReferenceData": false,
      "sequence": 100,
      "duration": "Weeks",
      "welshDuration": "Wythnos",
      "userGroups": [],
      "wordGroup": [
        "Weeks"
      ],
      "courtExtract": "Y",
      "financial": "N",
      "jurisdiction": "B",
      "reference": "imprisonmentPeriod",
      "welshLabel": "Cyfnod Carcharu",
      "durationSequence": 1
    },
    {
      "id": "76f15753-1706-42fb-b922-0d56d01e5706",
      "label": "Imprisonment Period",
      "resultPromptRule": "mandatory",
      "type": "INT",
      "nameEmail": false,
      "hidden": false,
      "associateToReferenceData": false,
      "sequence": 100,
      "duration": "Days",
      "welshDuration": "Niwrnod",
      "userGroups": [],
      "wordGroup": [
        "Days"
      ],
      "courtExtract": "Y",
      "financial": "N",
      "jurisdiction": "B",
      "reference": "imprisonmentPeriod",
      "welshLabel": "Cyfnod Carcharu",
      "durationSequence": 1
    },
    {
      "id": "4d10cd4b-fb39-40dd-88e1-2397832bc914",
      "label": "Bail remand days to count (tagged days)",
      "resultPromptRule": "mandatory",
      "type": "INT",
      "nameEmail": false,
      "hidden": false,
      "associateToReferenceData": false,
      "sequence": 500,
      "userGroups": [],
      "wordGroup": [
        "Tagged days"
      ],
      "courtExtract": "N",
      "financial": "N",
      "jurisdiction": "B",
      "min": "0",
      "max": "999",
      "reference": "bailRemandDaysToCountTaggedDays",
      "welshLabel": "Dyddiau mechnïaeth ar remand i’w cyfrif (dyddiad gyda tag)"
    },
    {
      "id": "746c833a-7d33-4800-a40c-425dbacf7492",
      "label": "Concurrent",
      "resultPromptRule": "optional",
      "type": "BOOLEAN",
      "nameEmail": false,
      "hidden": false,
      "associateToReferenceData": false,
      "sequence": 120,
      "userGroups": [],
      "wordGroup": [
        "Concurrent"
      ],
      "courtExtract": "Y",
      "financial": "N",
      "jurisdiction": "B",
      "qual": "C",
      "reference": "concurrent",
      "welshLabel": "Cydamserol"
    },
    {
      "id": "7784b81d-44d2-43c0-a903-a53b0e73683b",
      "label": "Consecutive to offence",
      "resultPromptRule": "optional",
      "type": "TXT",
      "nameEmail": false,
      "hidden": false,
      "associateToReferenceData": false,
      "sequence": 140,
      "userGroups": [],
      "wordGroup": [
        "Consecutive to"
      ],
      "courtExtract": "Y",
      "financial": "N",
      "jurisdiction": "B",
      "min": "1",
      "max": "99",
      "qual": "F",
      "reference": "consecutiveToOffenceNumber"
    },
    {
      "id": "622aa563-a3db-4102-ba7e-21c21cee0110",
      "label": "Reason for custody",
      "resultPromptRule": "optional",
      "type": "FIXLOM",
      "nameEmail": false,
      "hidden": false,
      "associateToReferenceData": false,
      "sequence": 300,
      "fixedListId": "f30f0828-8387-11e8-adc0-fa7ae01bbebc",
      "userGroups": [],
      "courtExtract": "Y",
      "financial": "N",
      "jurisdiction": "B",
      "min": "1",
      "max": "99",
      "reference": "theReasonsForThis"
    },
    {
      "id": "cc398d5e-6a52-416d-8081-af8a5adf24f9",
      "label": "Number of days in custody in foreign jurisdiction to count",
      "resultPromptRule": "optional",
      "type": "INT",
      "nameEmail": false,
      "hidden": false,
      "associateToReferenceData": false,
      "sequence": 400,
      "userGroups": [],
      "courtExtract": "N",
      "financial": "N",
      "jurisdiction": "B",
      "min": "0",
      "max": "9999",
      "reference": "numberOfDaysInCustodyInForeignJurisdictionToCount"
    },
    {
      "id": "da9c91a6-7090-44f3-8644-b4b184533fc4",
      "label": "which is on case number",
      "resultPromptRule": "optional",
      "type": "TXT",
      "nameEmail": false,
      "hidden": false,
      "associateToReferenceData": false,
      "sequence": 160,
      "userGroups": [],
      "courtExtract": "Y",
      "financial": "N",
      "jurisdiction": "B",
      "min": "1",
      "max": "20",
      "qual": "",
      "reference": "whereConsecutiveToAnOffenceOnAnotherCaseSpecifyThatCaseNumber",
      "welshLabel": "sydd dan y rhif achos"
    },
    {
      "id": "ea957761-0813-4a92-9e7c-b536654325f0",
      "label": "Imprisonment reasons",
      "resultPromptRuleMags": "mandatory",
      "resultPromptRuleCrown": "optional",
      "type": "FIXL",
      "nameEmail": false,
      "hidden": false,
      "associateToReferenceData": false,
      "sequence": 200,
      "fixedListId": "77177e00-4168-11e8-842f-0ed5f89f718b",
      "userGroups": [],
      "courtExtract": "Y",
      "financial": "N",
      "jurisdiction": "M",
      "reference": "imprisonmentReasons",
      "welshLabel": "Rhesymau dros garcharu"
    }
  ]
}